{
    "1":{
        "1T5-G3":[
            [
                6.123233995736766e-17,
                1.0,
                0.0,
                0.0235
            ],
            [
                -1.0,
                6.123233995736766e-17,
                0.0,
                -0.0675
            ],
            [
                0.0,
                0.0,
                1.0,
                -0.0175
            ],
            [
                0.0,
                0.0,
                0.0,
                1.0
            ]
        ],
        "2T5-G4":[
            [
                6.123233995736766e-17,
                -1.0,
                -1.2246467991473532e-16,
                -0.02
            ],
            [
                -1.0,
                -6.123233995736766e-17,
                -7.498798913309288e-33,
                -0.0675
            ],
            [
                0.0,
                1.2246467991473532e-16,
                -1.0,
                -0.0175
            ],
            [
                0.0,
                0.0,
                0.0,
                1.0
            ]
        ],
        "3T5-G2":[
            [
                -6.123233995736766e-17,
                6.123233995736767e-17,
                -1.0,
                0.0175
            ],
            [
                1.0,
                -1.2246467991473532e-16,
                -6.123233995736767e-17,
                -0.0675
            ],
            [
                -1.2246467991473532e-16,
                -1.0,
                -6.123233995736766e-17,
                -0.0235
            ],
            [
                0.0,
                0.0,
                0.0,
                1.0
            ]
        ],
        "4T5-G3":[
            [
                0.8110638189893267,
                0.5849576749872154,
                1.0745498164646566e-16,
                0.0175
            ],
            [
                0.0,
                -1.8369701987210297e-16,
                1.0,
                -0.05375
            ],
            [
                0.5849576749872154,
                -0.8110638189893267,
                -1.4899000647442608e-16,
                -0.0445665
            ],
            [
                0.0,
                0.0,
                0.0,
                1.0
            ]
        ],
        "5T5-G2":[
            [
                6.123233995736766e-17,
                -0.22892856322229518,
                0.9734432253300527,
                -0.0175
            ],
            [
                1.0,
                1.4017831609179313e-17,
                -5.960620650260623e-17,
                -0.069
            ],
            [
                0.0,
                0.9734432253300527,
                0.22892856322229518,
                -0.01055
            ],
            [
                0.0,
                0.0,
                0.0,
                1.0
            ]
        ]
    },
    "2":{
        "T5-P1":[
            [
                5.3028761936245346e-17,
                -0.7071067811865476,
                0.7071067811865475,
                0.02
            ],
            [
                0.8660254037844387,
                0.35355339059327373,
                0.3535533905932737,
                0.01
            ],
            [
                -0.49999999999999994,
                0.6123724356957945,
                0.6123724356957946,
                -0.03
            ],
            [
                0.0,
                0.0,
                0.0,
                1.0
            ]
        ]
    }
}