{
    "1":{
        "1T5-G3":[
            [
                1.0,
                0.0,
                0.0,
                0.0235
            ],
            [
                0.0,
                1.0,
                0.0,
                -0.0675
            ],
            [
                0.0,
                0.0,
                1.0,
                -0.0175
            ],
            [
                0.0,
                0.0,
                0.0,
                1.0
            ]
        ],
        "2T5-G4":[
            [
                -1.0,
                -1.2246467991473532e-16,
                -1.4997597826618576e-32,
                -0.0235
            ],
            [
                -1.2246467991473532e-16,
                1.0,
                1.2246467991473532e-16,
                -0.0675
            ],
            [
                0.0,
                1.2246467991473532e-16,
                -1.0,
                -0.0175
            ],
            [
                0.0,
                0.0,
                0.0,
                1.0
            ]
        ],
        "3T5-G2":[
            [
                3.749399456654644e-33,
                1.2246467991473532e-16,
                -1.0,
                0.0175
            ],
            [
                -6.123233995736766e-17,
                -1.0,
                -1.2246467991473532e-16,
                -0.0675
            ],
            [
                -1.0,
                6.123233995736766e-17,
                3.749399456654644e-33,
                -0.0235
            ],
            [
                0.0,
                0.0,
                0.0,
                1.0
            ]
        ],
        "4T5-G3":[
            [
                0.8110638189893267,
                0.5849576749872154,
                1.0745498164646566e-16,
                0.0175
            ],
            [
                0.0,
                -1.8369701987210297e-16,
                1.0,
                -0.05375
            ],
            [
                0.5849576749872154,
                -0.8110638189893267,
                -1.4899000647442608e-16,
                -0.0445665
            ],
            [
                0.0,
                0.0,
                0.0,
                1.0
            ]
        ],
        "5T5-G2":[
            [
                6.123233995736766e-17,
                -0.22892856322229518,
                0.9734432253300527,
                -0.0175
            ],
            [
                1.0,
                1.4017831609179313e-17,
                -5.960620650260623e-17,
                -0.069
            ],
            [
                0.0,
                0.9734432253300527,
                0.22892856322229518,
                -0.01055
            ],
            [
                0.0,
                0.0,
                0.0,
                1.0
            ]
        ]
    },
    "3":{
        "1T5-P2":[
            [
                1.8369701987210297e-16,
                1.0,
                1.8369701987210297e-16,
                0.0
            ],
            [
                -2.2496396739927864e-32,
                -1.8369701987210297e-16,
                1.0,
                -0.038
            ],
            [
                1.0,
                -1.8369701987210297e-16,
                -1.1248198369963932e-32,
                -0.0504758
            ],
            [
                0.0,
                0.0,
                0.0,
                1.0
            ]
        ],
        "2T5-P3":[
            [
                -6.123233995736766e-17,
                1.0,
                7.498798913309288e-33,
                -0.0279547
            ],
            [
                1.0,
                6.123233995736766e-17,
                -1.2246467991473532e-16,
                -0.0375323
            ],
            [
                -1.2246467991473532e-16,
                0.0,
                -1.0,
                -0.038
            ],
            [
                0.0,
                0.0,
                0.0,
                1.0
            ]
        ],
        "3T5-P1":[
            [
                6.123233995736766e-17,
                -1.0,
                0.0,
                0.031268
            ],
            [
                1.0,
                6.123233995736766e-17,
                0.0,
                -0.0504758
            ],
            [
                0.0,
                0.0,
                1.0,
                -0.038
            ],
            [
                0.0,
                0.0,
                0.0,
                1.0
            ]
        ]
    }
}